SAMPLE_01,SAMPLE_02,SAMPLE_03,SAMPLE_04,SAMPLE_05
E:T9I,E:T9I,E:T9I,E:T9I,E:T9I
M:D3G,M:D3G,M:D3G,M:D3G,M:D3G
M:Q19E,M:Q19E,M:Q19E,M:Q19E,M:Q19E
M:A63T,M:A63T,M:A63T,M:A63T,M:A63T
N:P13L,N:P13L,N:P13L,N:P13L,N:P13L
N:R203K,N:R203K,N:R203K,N:R203K,N:R203K
N:G204R,N:G204R,N:G204R,N:G204R,N:G204R
ORF1a:I431M,ORF1a:I431M,N:H300Y,ORF1a:K856R,ORF1a:K856R
ORF1a:K856R,ORF1a:K856R,ORF1a:K856R,ORF1a:L2084I,ORF1a:L2084I
ORF1a:A2710T,ORF1a:L2084I,ORF1a:A2710T,ORF1a:A2710T,ORF1a:A2710T
ORF1a:P3395H,ORF1a:A2710T,ORF1a:T3255I,ORF1a:T3255I,ORF1a:T3255I
ORF1a:I3758V,ORF1a:T3255I,ORF1a:P3395H,ORF1a:P3395H,ORF1a:P3395H
ORF1b:P314L,ORF1a:P3395H,ORF1a:I3758V,ORF1a:I3758V,ORF1a:I3758V
ORF9b:P10S,ORF1a:I3758V,ORF1b:P314L,ORF1b:P314L,ORF1b:P314L
S:A67V,ORF1b:P314L,ORF9b:P10S,ORF1b:I1566V,ORF1b:I1566V
S:T95I,ORF9b:P10S,S:A67V,ORF9b:P10S,ORF9b:P10S
S:Y145D,S:A67V,S:T95I,S:A67V,S:A67V
S:L212I,S:T95I,S:Y145D,S:T95I,S:T95I
S:G339D,S:Y145D,S:L212I,S:Y145D,S:Y145D
S:S371L,S:L212I,S:G339D,S:L212I,S:L212I
S:S373P,S:G339D,S:S371L,S:G339D,S:G339D
S:S375F,S:S371L,S:S373P,S:S371L,S:S371L
S:N501Y,S:S373P,S:S375F,S:S373P,S:S373P
S:Y505H,S:S375F,S:S477N,S:S375F,S:S375F
S:T547K,S:S477N,S:T478K,S:S477N,S:S477N
S:D614G,S:T478K,S:E484A,S:T478K,S:T478K
S:H655Y,S:E484A,S:Q493R,S:E484A,S:E484A
S:N679K,S:Q493R,S:G496S,S:Q493R,S:Q493R
S:P681H,S:G496S,S:Q498R,S:G496S,S:G496S
S:D796Y,S:Q498R,S:N501Y,S:Q498R,S:Q498R
S:N856K,S:N501Y,S:Y505H,S:N501Y,S:N501Y
S:N969K,S:Y505H,S:T547K,S:Y505H,S:Y505H
S:L981F,S:T547K,S:D614G,S:T547K,S:T547K
N:E31-,S:D614G,S:H655Y,S:D614G,S:D614G
N:R32-,S:H655Y,S:N679K,S:H655Y,S:H655Y
N:S33-,S:N679K,S:P681H,S:N679K,S:N679K
ORF1a:L3674-,S:P681H,S:D796Y,S:P681H,S:P681H
ORF1a:S3675-,S:D796Y,S:N856K,S:D796Y,S:D796Y
ORF1a:G3676-,S:N856K,S:Q954H,S:N856K,S:N856K
ORF9b:E27-,S:Q954H,S:N969K,S:Q954H,S:Q954H
ORF9b:N28-,S:N969K,S:L981F,S:N969K,S:N969K
ORF9b:A29-,S:L981F,N:E31-,S:L981F,S:L981F
S:H69-,N:E31-,N:R32-,N:E31-,N:E31-
S:V70-,N:R32-,N:S33-,N:R32-,N:R32-
S:G142-,N:S33-,ORF1a:L3674-,N:S33-,N:S33-
S:V143-,ORF1a:S2083-,ORF1a:S3675-,ORF1a:S2083-,ORF1a:S2083-
S:Y144-,ORF1a:L3674-,ORF1a:G3676-,ORF1a:L3674-,ORF1a:L3674-
S:N211-,ORF1a:S3675-,ORF9b:E27-,ORF1a:S3675-,ORF1a:S3675-
,ORF1a:G3676-,ORF9b:N28-,ORF1a:G3676-,ORF1a:G3676-
,ORF9b:E27-,ORF9b:A29-,ORF9b:E27-,ORF9b:E27-
,ORF9b:N28-,S:H69-,ORF9b:N28-,ORF9b:N28-
,ORF9b:A29-,S:V70-,ORF9b:A29-,ORF9b:A29-
,S:H69-,S:G142-,S:H69-,S:H69-
,S:V70-,S:V143-,S:V70-,S:V70-
,S:G142-,S:Y144-,S:G142-,S:G142-
,S:V143-,S:N211-,S:V143-,S:V143-
,S:Y144-,,S:Y144-,S:Y144-
,S:N211-,,S:N211-,S:N211-